feature,threshold,mean_effect_hi_minus_lo,seed_effects,abs_effect
edge_distance,1,-0.7101300268535086,"[-0.7166740281018067, -0.7031674934124593, -0.7105485590462599]",0.7101300268535086
n_terms,2,-0.6432681807277663,"[-0.6401159355945191, -0.6452982044969671, -0.6443904020918125]",0.6432681807277663
edge_distance,2,-0.6188526048904811,"[-0.6145970937912814, -0.6223724628556839, -0.619588258024478]",0.6188526048904811
n_terms,1,-0.6024701599220966,"[-0.6041114178041015, -0.6068825237545803, -0.596416538207608]",0.6024701599220966
n_terms,3,-0.5344605670944148,"[-0.5337543483525324, -0.5363963562785562, -0.5332309966521559]",0.5344605670944148
carry_in,0,-0.5267992908219361,"[-0.5325946131491659, -0.519311943475112, -0.5284913158415303]",0.5267992908219361
carry_in,9,-0.5254187757378174,"[-0.5251319063143446, -0.5378935741249142, -0.5132308467741935]",0.5254187757378174
edge_distance,0,-0.5253473655248314,"[-0.5279612051176228, -0.5283739166322741, -0.5197069748245976]",0.5253473655248314
carry_in,8,-0.5246925141364563,"[-0.5155289330922243, -0.5484833806940498, -0.5100652286230948]",0.5246925141364563
carry_in,11,-0.5076254354183508,"[-0.5036835526497331, -0.5301259887732079, -0.48906676483211176]",0.5076254354183508
carry_in,10,-0.5026187171202277,"[-0.4937069136464907, -0.5193847278439423, -0.4947645098702501]",0.5026187171202277
carry_in,13,-0.5016778392293789,"[-0.5175917273628328, -0.5139199261721524, -0.47352186415315156]",0.5016778392293789
carry_in,2,-0.5006297561425952,"[-0.5086528274182416, -0.4912394655975099, -0.5019969754120341]",0.5006297561425952
carry_in,14,-0.49644466056544195,"[-0.513418961747935, -0.5090434472865603, -0.46687157266183055]",0.49644466056544195
carry_in,1,-0.4929043486628279,"[-0.5065731541169524, -0.4819615457279211, -0.4901783461436103]",0.4929043486628279
carry_in,12,-0.48898877539809277,"[-0.47825605824460876, -0.5183691655641716, -0.470341102385498]",0.48898877539809277
carry_in,4,-0.4867341651937953,"[-0.4937807532910603, -0.48292496270801377, -0.4834967795823118]",0.4867341651937953
raw_coeff,4,-0.47437447924915094,"[-0.47329123572322646, -0.47608418945487263, -0.4737480125693538]",0.47437447924915094
carry_in,3,-0.4742646937534472,"[-0.4843369806454546, -0.4687291443465923, -0.4697279562682947]",0.4742646937534472
total_pre_mod,5,-0.4739168949339901,"[-0.4798308658674821, -0.47051838949952907, -0.4714014294349591]",0.4739168949339901
carry_out,0,-0.47226175263764447,"[-0.4697874674474865, -0.4769171201264784, -0.47008067033896855]",0.47226175263764447
total_pre_mod,9,-0.47226175263764447,"[-0.4697874674474865, -0.4769171201264784, -0.47008067033896855]",0.47226175263764447
carry_in,6,-0.4722183216000182,"[-0.4732501776556113, -0.4756817589154147, -0.4677230282290285]",0.4722183216000182
carry_in,15,-0.47203311084209787,"[-0.49521932762031595, -0.4823305132009911, -0.4385494917049866]",0.47203311084209787
total_pre_mod,4,-0.4716526602179241,"[-0.47626537927905593, -0.4698740752446966, -0.46881852613001995]",0.4716526602179241
raw_coeff,5,-0.471469225998344,"[-0.470289541943305, -0.4737377015778565, -0.4703804344738705]",0.471469225998344
carry_in,16,-0.4686362007669416,"[-0.48873729069835403, -0.4967014899202309, -0.4204698216822401]",0.4686362007669416
total_pre_mod,6,-0.46493735217149373,"[-0.4681590302438777, -0.4635761594545857, -0.46307686681601795]",0.46493735217149373
total_pre_mod,170,-0.4641395889182666,"[-0.4921143743253069, -0.4419129911133959, -0.4583914013160969]",0.4641395889182666
total_pre_mod,172,-0.4626070360053647,"[-0.4908789848344166, -0.440182606004333, -0.4567595171773444]",0.4626070360053647
total_pre_mod,10,-0.46229137605771414,"[-0.4577018029533038, -0.46856084813774707, -0.4606114770820915]",0.46229137605771414
carry_in,5,-0.45888930935889793,"[-0.4642132241640292, -0.4610252970047246, -0.45142940690794]",0.45888930935889793
total_pre_mod,1,-0.4577402807307707,"[-0.46112817778290704, -0.45472923896586803, -0.45736342544353703]",0.4577402807307707
total_pre_mod,8,-0.45756210063058006,"[-0.45506637437086517, -0.4600828009782354, -0.4575371265426396]",0.45756210063058006
total_pre_mod,3,-0.456311133882038,"[-0.4614466052131941, -0.4528701878981868, -0.45461660853473296]",0.456311133882038
total_pre_mod,7,-0.4556534387724744,"[-0.4590682893271312, -0.4579076483753874, -0.4499843786149045]",0.4556534387724744
total_pre_mod,2,-0.4548604014419899,"[-0.45978887853349615, -0.45189407702807993, -0.45289824876439355]",0.4548604014419899
raw_coeff,1,-0.4532795727890319,"[-0.4539783572440121, -0.45439782033126036, -0.4514625407918232]",0.4532795727890319
carry_in,7,-0.4530860783570206,"[-0.4582413633797033, -0.4591929384738259, -0.4418239332175326]",0.4530860783570206
raw_coeff,6,-0.4503453866967145,"[-0.4485782896626013, -0.45166487381338155, -0.4507929966141606]",0.4503453866967145
total_pre_mod,11,-0.45032743075001047,"[-0.4452846067481537, -0.4579853879195011, -0.44771229758237674]",0.45032743075001047
raw_coeff,2,-0.4499477649044236,"[-0.4507121804573939, -0.44998325689128615, -0.44914785736459073]",0.4499477649044236
n_terms,0,-0.4482890180196044,"[-0.4505194576509949, -0.45087163232963545, -0.4434759640781828]",0.4482890180196044
raw_coeff,7,-0.4482084035642307,"[-0.4464526032631063, -0.4492147660324924, -0.4489578413970933]",0.4482084035642307
raw_coeff,3,-0.4481720278281211,"[-0.4490698992552428, -0.44834316320645934, -0.44710302102266114]",0.4481720278281211
raw_coeff,9,-0.44679729866946977,"[-0.44133982329801047, -0.454974978889002, -0.444077093821397]",0.44679729866946977
total_pre_mod,12,-0.44590278721293797,"[-0.44151155263220987, -0.4550848631613159, -0.4411119458452882]",0.44590278721293797
total_pre_mod,0,-0.4437035129931061,"[-0.44695239039225865, -0.43920392501804184, -0.4449542235690177]",0.4437035129931061
raw_coeff,10,-0.4387997160073445,"[-0.4323305572467435, -0.44745834442283017, -0.4366102463524599]",0.4387997160073445
total_pre_mod,13,-0.4385550966456114,"[-0.435974420451487, -0.4467437673347153, -0.43294710215063203]",0.4385550966456114
raw_coeff,11,-0.43614694948611415,"[-0.43083388350804647, -0.4450236827980334, -0.4325832821522626]",0.43614694948611415
total_pre_mod,14,-0.42629525304413757,"[-0.4212178674720164, -0.43536321031332953, -0.4223046813470667]",0.42629525304413757
raw_coeff,8,-0.4237116357059272,"[-0.41740197145121793, -0.43187254762503535, -0.4218603880415282]",0.4237116357059272
total_pre_mod,16,-0.4233147827910053,"[-0.4183067431955536, -0.4272147388380516, -0.4244228663394107]",0.4233147827910053
total_pre_mod,15,-0.4123991536872296,"[-0.40750095062845454, -0.41916810563610724, -0.4105284047971272]",0.4123991536872296
total_pre_mod,17,-0.4110135373524886,"[-0.40648023267982164, -0.4144803708247375, -0.4120800085529066]",0.4110135373524886
raw_coeff,0,-0.40796160645162555,"[-0.40955095386383766, -0.4084532674539876, -0.40588059803705134]",0.40796160645162555
raw_coeff,12,-0.4026753701789072,"[-0.3940119140471483, -0.41029056550156295, -0.4037236309880104]",0.4026753701789072
total_pre_mod,18,-0.39996741095485144,"[-0.39489886482595093, -0.40384634827418375, -0.4011570197644197]",0.39996741095485144
raw_coeff,13,-0.39590769825302424,"[-0.3879935066400479, -0.4024235941023054, -0.39730599401671934]",0.39590769825302424
total_pre_mod,152,-0.39326347987025684,"[-0.4069866855228162, -0.3700468457465187, -0.4027569083414356]",0.39326347987025684
carry_out,1,-0.39134325861221747,"[-0.3836524010425533, -0.39662558432038086, -0.3937517904737183]",0.39134325861221747
total_pre_mod,19,-0.39134325861221747,"[-0.3836524010425533, -0.39662558432038086, -0.3937517904737183]",0.39134325861221747
total_pre_mod,153,-0.38716019152326125,"[-0.40129317363442807, -0.36339910504304745, -0.39678829589230835]",0.38716019152326125
total_pre_mod,20,-0.38701882744062654,"[-0.38112452472194874, -0.39413436510968214, -0.3857975924902489]",0.38701882744062654
raw_coeff,14,-0.38613204387092664,"[-0.3769927234271235, -0.3951096815613837, -0.38629372662427264]",0.38613204387092664
total_pre_mod,154,-0.38463112907389335,"[-0.3989341471573439, -0.36064409404799547, -0.39431514601634066]",0.38463112907389335
total_pre_mod,155,-0.383877249006932,"[-0.40200950229768667, -0.3578316068229613, -0.391790637900148]",0.383877249006932
raw_coeff,15,-0.38283901003833254,"[-0.3733042664279247, -0.39172984521035714, -0.38348291847671584]",0.38283901003833254
total_pre_mod,157,-0.38125259443752596,"[-0.39655977584059776, -0.36169053549190533, -0.38550747198007473]",0.38125259443752596
raw_coeff,16,-0.3801256942717523,"[-0.37702827861359645, -0.39128770124205253, -0.37206110295960804]",0.3801256942717523
total_pre_mod,156,-0.37963586755999956,"[-0.3946569649734371, -0.3603588988607179, -0.3838917388458436]",0.37963586755999956
total_pre_mod,162,-0.37945422130204737,"[-0.38919082125603865, -0.3607919254658385, -0.388379917184265]",0.37945422130204737
total_pre_mod,160,-0.37915888561074923,"[-0.3924254083957698, -0.36599730785909634, -0.37905394057738145]",0.37915888561074923
total_pre_mod,161,-0.3775890775890776,"[-0.39095349095349097, -0.36435786435786444, -0.3774558774558774]",0.3775890775890776
total_pre_mod,164,-0.3770111413886417,"[-0.399634894894929, -0.34768643101546914, -0.38371209825552716]",0.3770111413886417
raw_coeff,144,-0.3748538985271767,"[-0.39715983468863014, -0.34082112791842667, -0.38658073297447326]",0.3748538985271767
total_pre_mod,21,-0.37440862154309373,"[-0.3692826043126646, -0.38171535444451193, -0.3722279058721047]",0.37440862154309373
total_pre_mod,163,-0.3743370274276086,"[-0.3843203121602331, -0.3553305444582255, -0.3833602256643672]",0.3743370274276086
raw_coeff,17,-0.3740534140939305,"[-0.3701533044756757, -0.3859779424973751, -0.3660289953087408]",0.3740534140939305
total_pre_mod,165,-0.3734195778005745,"[-0.39640405398804035, -0.34369876121757575, -0.3801559181961075]",0.3734195778005745
total_pre_mod,82,-0.37323994900134094,"[-0.36775783574561965, -0.37726876155526307, -0.37469324970314016]",0.37323994900134094
total_pre_mod,25,-0.37252244582008753,"[-0.3685927010470172, -0.3798198792491081, -0.36915475716413726]",0.37252244582008753
total_pre_mod,158,-0.37126913218825974,"[-0.3872832848867316, -0.351002418877834, -0.3755216928002135]",0.37126913218825974
raw_coeff,145,-0.37121137495728806,"[-0.39853087162196504, -0.33963799402938893, -0.3754652592205101]",0.37121137495728806
raw_coeff,154,-0.3712049659761359,"[-0.3983963797965589, -0.34242535803052526, -0.3727931601013237]",0.3712049659761359
total_pre_mod,22,-0.37013214652464027,"[-0.36785175877480086, -0.3756793861797364, -0.36686529461938355]",0.37013214652464027
total_pre_mod,166,-0.3697228876239936,"[-0.39307892724597154, -0.3395940397887901, -0.3764956958372193]",0.3697228876239936
total_pre_mod,87,-0.36934206757682864,"[-0.360192965744913, -0.3782858848761682, -0.36954735210940476]",0.36934206757682864
total_pre_mod,102,-0.3681537209095593,"[-0.3692714185926444, -0.366537176325302, -0.3686525678107314]",0.3681537209095593
raw_coeff,146,-0.3677672583241967,"[-0.3979575962307761, -0.3373448010193498, -0.36799937772246427]",0.3677672583241967
total_pre_mod,83,-0.3670749270457139,"[-0.3615486792595534, -0.37120700739312124, -0.3684690944844669]",0.3670749270457139
total_pre_mod,81,-0.36671691536322,"[-0.3618040538988858, -0.3710564672680822, -0.36729022492269203]",0.36671691536322
total_pre_mod,26,-0.3660879434450879,"[-0.3603861686998147, -0.374882796366569, -0.36299486526888]",0.3660879434450879
raw_coeff,156,-0.36589819196385903,"[-0.3912931688033259, -0.34173754728788275, -0.3646638598003685]",0.36589819196385903
total_pre_mod,86,-0.3652777913833669,"[-0.355198938412396, -0.3736662022346489, -0.36696823350305574]",0.3652777913833669
total_pre_mod,88,-0.36525060998797004,"[-0.36771088168991073, -0.36910184770996163, -0.3589391005640379]",0.36525060998797004
carry_out,15,-0.36512142857947644,"[-0.38201872287165795, -0.35026314099422345, -0.36308242187254797]",0.36512142857947644
total_pre_mod,159,-0.36512142857947644,"[-0.38201872287165795, -0.35026314099422345, -0.36308242187254797]",0.36512142857947644
total_pre_mod,167,-0.3646043926646649,"[-0.39395775659696236, -0.3310116594677945, -0.3688437619292376]",0.3646043926646649
